{
    "NE-COARSE-LIT": {
        "TIME-ALL": {
            "LED-ALL": {
                "PER": {
                    "partial": {
                        "correct": 103,
                        "incorrect": 0,
                        "partial": 58,
                        "missed": 302,
                        "spurious": 64,
                        "possible": 463,
                        "actual": 225,
                        "TP": 103,
                        "FP": 122,
                        "FN": 360,
                        "P_micro": 0.5866666666666667,
                        "R_micro": 0.28509719222462204,
                        "F1_micro": 0.38372093023255816,
                        "P_macro_doc": 0.5866666666666667,
                        "R_macro_doc": 0.28509719222462204,
                        "F1_macro_doc": 0.38372093023255816,
                        "P_macro_doc_std": 0.0,
                        "R_macro_doc_std": 0.0,
                        "F1_macro_doc_std": 0.0
                    },
                    "strict": {
                        "correct": 96,
                        "incorrect": 65,
                        "partial": 0,
                        "missed": 302,
                        "spurious": 64,
                        "possible": 463,
                        "actual": 225,
                        "TP": 96,
                        "FP": 129,
                        "FN": 367,
                        "P_micro": 0.4266666666666667,
                        "R_micro": 0.20734341252699784,
                        "F1_micro": 0.2790697674418605,
                        "P_macro_doc": 0.4266666666666667,
                        "R_macro_doc": 0.20734341252699784,
                        "F1_macro_doc": 0.2790697674418605,
                        "P_macro_doc_std": 0.0,
                        "R_macro_doc_std": 0.0,
                        "F1_macro_doc_std": 0.0
                    },
                    "ent_type": {
                        "correct": 152,
                        "incorrect": 9,
                        "partial": 0,
                        "missed": 302,
                        "spurious": 64,
                        "possible": 463,
                        "actual": 225,
                        "TP": 152,
                        "FP": 73,
                        "FN": 311,
                        "P_micro": 0.6755555555555556,
                        "R_micro": 0.3282937365010799,
                        "F1_micro": 0.441860465116279,
                        "P_macro_doc": 0.6755555555555556,
                        "R_macro_doc": 0.3282937365010799,
                        "F1_macro_doc": 0.441860465116279,
                        "P_macro_doc_std": 0.0,
                        "R_macro_doc_std": 0.0,
                        "F1_macro_doc_std": 0.0
                    },
                    "exact": {
                        "correct": 103,
                        "incorrect": 58,
                        "partial": 0,
                        "missed": 302,
                        "spurious": 64,
                        "possible": 463,
                        "actual": 225,
                        "TP": 103,
                        "FP": 122,
                        "FN": 360,
                        "P_micro": 0.4577777777777778,
                        "R_micro": 0.2224622030237581,
                        "F1_micro": 0.29941860465116277,
                        "P_macro_doc": 0.4577777777777778,
                        "R_macro_doc": 0.2224622030237581,
                        "F1_macro_doc": 0.29941860465116277,
                        "P_macro_doc_std": 0.0,
                        "R_macro_doc_std": 0.0,
                        "F1_macro_doc_std": 0.0
                    }
                },
                "LOC": {
                    "partial": {
                        "correct": 65,
                        "incorrect": 0,
                        "partial": 40,
                        "missed": 492,
                        "spurious": 156,
                        "possible": 597,
                        "actual": 261,
                        "TP": 65,
                        "FP": 196,
                        "FN": 532,
                        "P_micro": 0.32567049808429116,
                        "R_micro": 0.1423785594639866,
                        "F1_micro": 0.19813519813519814,
                        "P_macro_doc": 0.32567049808429116,
                        "R_macro_doc": 0.1423785594639866,
                        "F1_macro_doc": 0.19813519813519814,
                        "P_macro_doc_std": 0.0,
                        "R_macro_doc_std": 0.0,
                        "F1_macro_doc_std": 0.0
                    },
                    "strict": {
                        "correct": 57,
                        "incorrect": 48,
                        "partial": 0,
                        "missed": 492,
                        "spurious": 156,
                        "possible": 597,
                        "actual": 261,
                        "TP": 57,
                        "FP": 204,
                        "FN": 540,
                        "P_micro": 0.21839080459770116,
                        "R_micro": 0.09547738693467336,
                        "F1_micro": 0.13286713286713286,
                        "P_macro_doc": 0.21839080459770116,
                        "R_macro_doc": 0.09547738693467336,
                        "F1_macro_doc": 0.13286713286713286,
                        "P_macro_doc_std": 0.0,
                        "R_macro_doc_std": 0.0,
                        "F1_macro_doc_std": 0.0
                    },
                    "ent_type": {
                        "correct": 91,
                        "incorrect": 14,
                        "partial": 0,
                        "missed": 492,
                        "spurious": 156,
                        "possible": 597,
                        "actual": 261,
                        "TP": 91,
                        "FP": 170,
                        "FN": 506,
                        "P_micro": 0.3486590038314176,
                        "R_micro": 0.152428810720268,
                        "F1_micro": 0.21212121212121213,
                        "P_macro_doc": 0.3486590038314176,
                        "R_macro_doc": 0.152428810720268,
                        "F1_macro_doc": 0.21212121212121213,
                        "P_macro_doc_std": 0.0,
                        "R_macro_doc_std": 0.0,
                        "F1_macro_doc_std": 0.0
                    },
                    "exact": {
                        "correct": 65,
                        "incorrect": 40,
                        "partial": 0,
                        "missed": 492,
                        "spurious": 156,
                        "possible": 597,
                        "actual": 261,
                        "TP": 65,
                        "FP": 196,
                        "FN": 532,
                        "P_micro": 0.24904214559386972,
                        "R_micro": 0.10887772194304858,
                        "F1_micro": 0.15151515151515152,
                        "P_macro_doc": 0.24904214559386972,
                        "R_macro_doc": 0.10887772194304858,
                        "F1_macro_doc": 0.15151515151515152,
                        "P_macro_doc_std": 0.0,
                        "R_macro_doc_std": 0.0,
                        "F1_macro_doc_std": 0.0
                    }
                },
                "ORG": {
                    "partial": {
                        "correct": 23,
                        "incorrect": 0,
                        "partial": 15,
                        "missed": 179,
                        "spurious": 35,
                        "possible": 217,
                        "actual": 73,
                        "TP": 23,
                        "FP": 50,