{
    "NE-COARSE-LIT": {
        "TIME-ALL": {
            "LED-ALL": {
                "PER": {
                    "partial": {
                        "correct": 179,
                        "incorrect": 0,
                        "partial": 98,
                        "missed": 186,
                        "spurious": 201,
                        "possible": 463,
                        "actual": 478,
                        "TP": 179,
                        "FP": 299,
                        "FN": 284,
                        "P_micro": 0.4769874476987448,
                        "R_micro": 0.4924406047516199,
                        "F1_micro": 0.48459086078639746,
                        "P_macro_doc": 0.4769874476987448,
                        "R_macro_doc": 0.4924406047516199,
                        "F1_macro_doc": 0.48459086078639746,
                        "P_macro_doc_std": 0.0,
                        "R_macro_doc_std": 0.0,
                        "F1_macro_doc_std": 0.0
                    },
                    "strict": {
                        "correct": 168,
                        "incorrect": 109,
                        "partial": 0,
                        "missed": 186,
                        "spurious": 201,
                        "possible": 463,
                        "actual": 478,
                        "TP": 168,
                        "FP": 310,
                        "FN": 295,
                        "P_micro": 0.3514644351464435,
                        "R_micro": 0.36285097192224625,
                        "F1_micro": 0.357066950053135,
                        "P_macro_doc": 0.3514644351464435,
                        "R_macro_doc": 0.36285097192224625,
                        "F1_macro_doc": 0.357066950053135,
                        "P_macro_doc_std": 0.0,
                        "R_macro_doc_std": 0.0,
                        "F1_macro_doc_std": 0.0
                    },
                    "ent_type": {
                        "correct": 259,
                        "incorrect": 18,
                        "partial": 0,
                        "missed": 186,
                        "spurious": 201,
                        "possible": 463,
                        "actual": 478,
                        "TP": 259,
                        "FP": 219,
                        "FN": 204,
                        "P_micro": 0.5418410041841004,
                        "R_micro": 0.5593952483801296,
                        "F1_micro": 0.5504782146652497,
                        "P_macro_doc": 0.5418410041841004,
                        "R_macro_doc": 0.5593952483801296,
                        "F1_macro_doc": 0.5504782146652497,
                        "P_macro_doc_std": 0.0,
                        "R_macro_doc_std": 0.0,
                        "F1_macro_doc_std": 0.0
                    },
                    "exact": {
                        "correct": 179,
                        "incorrect": 98,
                        "partial": 0,
                        "missed": 186,
                        "spurious": 201,
                        "possible": 463,
                        "actual": 478,
                        "TP": 179,
                        "FP": 299,
                        "FN": 284,
                        "P_micro": 0.37447698744769875,
                        "R_micro": 0.38660907127429806,
                        "F1_micro": 0.3804463336875664,
                        "P_macro_doc": 0.37447698744769875,
                        "R_macro_doc": 0.38660907127429806,
                        "F1_macro_doc": 0.3804463336875664,
                        "P_macro_doc_std": 0.0,
                        "R_macro_doc_std": 0.0,
                        "F1_macro_doc_std": 0.0
                    }
                },
                "ORG": {
                    "partial": {
                        "correct": 57,
                        "incorrect": 0,
                        "partial": 35,
                        "missed": 125,
                        "spurious": 104,
                        "possible": 217,
                        "actual": 196,
                        "TP": 57,
                        "FP": 139,
                        "FN": 160,
                        "P_micro": 0.38010204081632654,
                        "R_micro": 0.3433179723502304,
                        "F1_micro": 0.3607748184019371,
                        "P_macro_doc": 0.38010204081632654,
                        "R_macro_doc": 0.3433179723502304,
                        "F1_macro_doc": 0.3607748184019371,
                        "P_macro_doc_std": 0.0,
                        "R_macro_doc_std": 0.0,
                        "F1_macro_doc_std": 0.0
                    },
                    "strict": {
                        "correct": 37,
                        "incorrect": 55,
                        "partial": 0,
                        "missed": 125,
                        "spurious": 104,
                        "possible": 217,
                        "actual": 196,
                        "TP": 37,
                        "FP": 159,
                        "FN": 180,
                        "P_micro": 0.18877551020408162,
                        "R_micro": 0.17050691244239632,
                        "F1_micro": 0.1791767554479419,
                        "P_macro_doc": 0.18877551020408162,
                        "R_macro_doc": 0.17050691244239632,
                        "F1_macro_doc": 0.1791767554479419,
                        "P_macro_doc_std": 0.0,
                        "R_macro_doc_std": 0.0,
                        "F1_macro_doc_std": 0.0
                    },
                    "ent_type": {
                        "correct": 60,
                        "incorrect": 32,
                        "partial": 0,
                        "missed": 125,
                        "spurious": 104,
                        "possible": 217,
                        "actual": 196,
                        "TP": 60,
                        "FP": 136,
                        "FN": 157,
                        "P_micro": 0.30612244897959184,
                        "R_micro": 0.2764976958525346,
                        "F1_micro": 0.2905569007263923,
                        "P_macro_doc": 0.30612244897959184,
                        "R_macro_doc": 0.2764976958525346,
                        "F1_macro_doc": 0.2905569007263923,
                        "P_macro_doc_std": 0.0,
                        "R_macro_doc_std": 0.0,
                        "F1_macro_doc_std": 0.0
                    },
                    "exact": {
                        "correct": 57,
                        "incorrect": 35,
                        "partial": 0,
                        "missed": 125,
                        "spurious": 104,
                        "possible": 217,
                        "actual": 196,
                        "TP": 57,
                        "FP": 139,
                        "FN": 160,
                        "P_micro": 0.29081632653061223,
                        "R_micro": 0.2626728110599078,
                        "F1_micro": 0.27602905569007263,
                        "P_macro_doc": 0.29081632653061223,
                        "R_macro_doc": 0.2626728110599078,
                        "F1_macro_doc": 0.27602905569007263,
                        "P_macro_doc_std": 0.0,
                        "R_macro_doc_std": 0.0,
                        "F1_macro_doc_std": 0.0
                    }
                },
                "LOC": {
                    "partial": {
                        "correct": 211,
                        "incorrect": 0,
                        "partial": 61,
                        "missed": 325,
                        "spurious": 192,
                        "possible": 597,
                        "actual": 464,
                        "TP": 211,
                        "FP": 253,