{
    "NE-COARSE-LIT": {
        "TIME-ALL": {
            "LED-ALL": {
                "PER": {
                    "partial": {
                        "correct": 149,
                        "incorrect": 0,
                        "partial": 74,
                        "missed": 240,
                        "spurious": 66,
                        "possible": 463,
                        "actual": 289,
                        "TP": 149,
                        "FP": 140,
                        "FN": 314,
                        "P_micro": 0.643598615916955,
                        "R_micro": 0.4017278617710583,
                        "F1_micro": 0.4946808510638298,
                        "P_macro_doc": 0.643598615916955,
                        "R_macro_doc": 0.4017278617710583,
                        "F1_macro_doc": 0.4946808510638298,
                        "P_macro_doc_std": 0.0,
                        "R_macro_doc_std": 0.0,
                        "F1_macro_doc_std": 0.0
                    },
                    "strict": {
                        "correct": 131,
                        "incorrect": 92,
                        "partial": 0,
                        "missed": 240,
                        "spurious": 66,
                        "possible": 463,
                        "actual": 289,
                        "TP": 131,
                        "FP": 158,
                        "FN": 332,
                        "P_micro": 0.4532871972318339,
                        "R_micro": 0.28293736501079914,
                        "F1_micro": 0.3484042553191489,
                        "P_macro_doc": 0.4532871972318339,
                        "R_macro_doc": 0.28293736501079914,
                        "F1_macro_doc": 0.3484042553191489,
                        "P_macro_doc_std": 0.0,
                        "R_macro_doc_std": 0.0,
                        "F1_macro_doc_std": 0.0
                    },
                    "ent_type": {
                        "correct": 199,
                        "incorrect": 24,
                        "partial": 0,
                        "missed": 240,
                        "spurious": 66,
                        "possible": 463,
                        "actual": 289,
                        "TP": 199,
                        "FP": 90,
                        "FN": 264,
                        "P_micro": 0.6885813148788927,
                        "R_micro": 0.4298056155507559,
                        "F1_micro": 0.5292553191489362,
                        "P_macro_doc": 0.6885813148788927,
                        "R_macro_doc": 0.4298056155507559,
                        "F1_macro_doc": 0.5292553191489362,
                        "P_macro_doc_std": 0.0,
                        "R_macro_doc_std": 0.0,
                        "F1_macro_doc_std": 0.0
                    },
                    "exact": {
                        "correct": 149,
                        "incorrect": 74,
                        "partial": 0,
                        "missed": 240,
                        "spurious": 66,
                        "possible": 463,
                        "actual": 289,
                        "TP": 149,
                        "FP": 140,
                        "FN": 314,
                        "P_micro": 0.5155709342560554,
                        "R_micro": 0.32181425485961124,
                        "F1_micro": 0.3962765957446808,
                        "P_macro_doc": 0.5155709342560554,
                        "R_macro_doc": 0.32181425485961124,
                        "F1_macro_doc": 0.3962765957446808,
                        "P_macro_doc_std": 0.0,
                        "R_macro_doc_std": 0.0,
                        "F1_macro_doc_std": 0.0
                    }
                },
                "LOC": {
                    "partial": {
                        "correct": 106,
                        "incorrect": 0,
                        "partial": 55,
                        "missed": 436,
                        "spurious": 141,
                        "possible": 597,
                        "actual": 302,
                        "TP": 106,
                        "FP": 196,
                        "FN": 491,
                        "P_micro": 0.4420529801324503,
                        "R_micro": 0.2236180904522613,
                        "F1_micro": 0.29699666295884314,
                        "P_macro_doc": 0.4420529801324503,
                        "R_macro_doc": 0.2236180904522613,
                        "F1_macro_doc": 0.29699666295884314,
                        "P_macro_doc_std": 0.0,
                        "R_macro_doc_std": 0.0,
                        "F1_macro_doc_std": 0.0
                    },
                    "strict": {
                        "correct": 94,
                        "incorrect": 67,
                        "partial": 0,
                        "missed": 436,
                        "spurious": 141,
                        "possible": 597,
                        "actual": 302,
                        "TP": 94,
                        "FP": 208,
                        "FN": 503,
                        "P_micro": 0.31125827814569534,
                        "R_micro": 0.1574539363484087,
                        "F1_micro": 0.20912124582869854,
                        "P_macro_doc": 0.31125827814569534,
                        "R_macro_doc": 0.1574539363484087,
                        "F1_macro_doc": 0.20912124582869854,
                        "P_macro_doc_std": 0.0,
                        "R_macro_doc_std": 0.0,
                        "F1_macro_doc_std": 0.0
                    },
                    "ent_type": {
                        "correct": 134,
                        "incorrect": 27,
                        "partial": 0,
                        "missed": 436,
                        "spurious": 141,
                        "possible": 597,
                        "actual": 302,
                        "TP": 134,
                        "FP": 168,
                        "FN": 463,
                        "P_micro": 0.44370860927152317,
                        "R_micro": 0.22445561139028475,
                        "F1_micro": 0.29810901001112344,
                        "P_macro_doc": 0.44370860927152317,
                        "R_macro_doc": 0.22445561139028475,
                        "F1_macro_doc": 0.29810901001112344,
                        "P_macro_doc_std": 0.0,
                        "R_macro_doc_std": 0.0,
                        "F1_macro_doc_std": 0.0
                    },
                    "exact": {
                        "correct": 106,
                        "incorrect": 55,
                        "partial": 0,
                        "missed": 436,
                        "spurious": 141,
                        "possible": 597,
                        "actual": 302,
                        "TP": 106,
                        "FP": 196,
                        "FN": 491,
                        "P_micro": 0.3509933774834437,
                        "R_micro": 0.17755443886097153,
                        "F1_micro": 0.23581757508342602,
                        "P_macro_doc": 0.3509933774834437,
                        "R_macro_doc": 0.17755443886097153,
                        "F1_macro_doc": 0.23581757508342602,
                        "P_macro_doc_std": 0.0,
                        "R_macro_doc_std": 0.0,
                        "F1_macro_doc_std": 0.0
                    }
                },
                "ORG": {
                    "partial": {
                        "correct": 36,
                        "incorrect": 0,
                        "partial": 20,
                        "missed": 161,
                        "spurious": 55,
                        "possible": 217,
                        "actual": 111,
                        "TP": 36,
                        "FP": 75,