{
    "NE-COARSE-LIT": {
        "TIME-ALL": {
            "LED-ALL": {
                "PER": {
                    "partial": {
                        "correct": 66,
                        "incorrect": 0,
                        "partial": 33,
                        "missed": 364,
                        "spurious": 38,
                        "possible": 463,
                        "actual": 137,
                        "TP": 66,
                        "FP": 71,
                        "FN": 397,
                        "P_micro": 0.6021897810218978,
                        "R_micro": 0.17818574514038876,
                        "F1_micro": 0.27499999999999997,
                        "P_macro_doc": 0.6021897810218978,
                        "R_macro_doc": 0.17818574514038876,
                        "F1_macro_doc": 0.27499999999999997,
                        "P_macro_doc_std": 0.0,
                        "R_macro_doc_std": 0.0,
                        "F1_macro_doc_std": 0.0
                    },
                    "strict": {
                        "correct": 63,
                        "incorrect": 36,
                        "partial": 0,
                        "missed": 364,
                        "spurious": 38,
                        "possible": 463,
                        "actual": 137,
                        "TP": 63,
                        "FP": 74,
                        "FN": 400,
                        "P_micro": 0.45985401459854014,
                        "R_micro": 0.13606911447084233,
                        "F1_micro": 0.21,
                        "P_macro_doc": 0.45985401459854014,
                        "R_macro_doc": 0.13606911447084233,
                        "F1_macro_doc": 0.21,
                        "P_macro_doc_std": 0.0,
                        "R_macro_doc_std": 0.0,
                        "F1_macro_doc_std": 0.0
                    },
                    "ent_type": {
                        "correct": 95,
                        "incorrect": 4,
                        "partial": 0,
                        "missed": 364,
                        "spurious": 38,
                        "possible": 463,
                        "actual": 137,
                        "TP": 95,
                        "FP": 42,
                        "FN": 368,
                        "P_micro": 0.6934306569343066,
                        "R_micro": 0.20518358531317496,
                        "F1_micro": 0.3166666666666667,
                        "P_macro_doc": 0.6934306569343066,
                        "R_macro_doc": 0.20518358531317496,
                        "F1_macro_doc": 0.3166666666666667,
                        "P_macro_doc_std": 0.0,
                        "R_macro_doc_std": 0.0,
                        "F1_macro_doc_std": 0.0
                    },
                    "exact": {
                        "correct": 66,
                        "incorrect": 33,
                        "partial": 0,
                        "missed": 364,
                        "spurious": 38,
                        "possible": 463,
                        "actual": 137,
                        "TP": 66,
                        "FP": 71,
                        "FN": 397,
                        "P_micro": 0.48175182481751827,
                        "R_micro": 0.14254859611231102,
                        "F1_micro": 0.22000000000000003,
                        "P_macro_doc": 0.48175182481751827,
                        "R_macro_doc": 0.14254859611231102,
                        "F1_macro_doc": 0.22000000000000003,
                        "P_macro_doc_std": 0.0,
                        "R_macro_doc_std": 0.0,
                        "F1_macro_doc_std": 0.0
                    }
                },
                "ORG": {
                    "partial": {
                        "correct": 36,
                        "incorrect": 0,
                        "partial": 23,
                        "missed": 158,
                        "spurious": 48,
                        "possible": 217,
                        "actual": 107,
                        "TP": 36,
                        "FP": 71,
                        "FN": 181,
                        "P_micro": 0.4439252336448598,
                        "R_micro": 0.21889400921658986,
                        "F1_micro": 0.29320987654320985,
                        "P_macro_doc": 0.4439252336448598,
                        "R_macro_doc": 0.21889400921658986,
                        "F1_macro_doc": 0.29320987654320985,
                        "P_macro_doc_std": 0.0,
                        "R_macro_doc_std": 0.0,
                        "F1_macro_doc_std": 0.0
                    },
                    "strict": {
                        "correct": 31,
                        "incorrect": 28,
                        "partial": 0,
                        "missed": 158,
                        "spurious": 48,
                        "possible": 217,
                        "actual": 107,
                        "TP": 31,
                        "FP": 76,
                        "FN": 186,
                        "P_micro": 0.2897196261682243,
                        "R_micro": 0.14285714285714285,
                        "F1_micro": 0.19135802469135801,
                        "P_macro_doc": 0.2897196261682243,
                        "R_macro_doc": 0.14285714285714285,
                        "F1_macro_doc": 0.19135802469135801,
                        "P_macro_doc_std": 0.0,
                        "R_macro_doc_std": 0.0,
                        "F1_macro_doc_std": 0.0
                    },
                    "ent_type": {
                        "correct": 50,
                        "incorrect": 9,
                        "partial": 0,
                        "missed": 158,
                        "spurious": 48,
                        "possible": 217,
                        "actual": 107,
                        "TP": 50,
                        "FP": 57,
                        "FN": 167,
                        "P_micro": 0.4672897196261682,
                        "R_micro": 0.2304147465437788,
                        "F1_micro": 0.308641975308642,
                        "P_macro_doc": 0.4672897196261682,
                        "R_macro_doc": 0.2304147465437788,
                        "F1_macro_doc": 0.308641975308642,
                        "P_macro_doc_std": 0.0,
                        "R_macro_doc_std": 0.0,
                        "F1_macro_doc_std": 0.0
                    },
                    "exact": {
                        "correct": 36,
                        "incorrect": 23,
                        "partial": 0,
                        "missed": 158,
                        "spurious": 48,
                        "possible": 217,
                        "actual": 107,
                        "TP": 36,
                        "FP": 71,
                        "FN": 181,
                        "P_micro": 0.3364485981308411,
                        "R_micro": 0.16589861751152074,
                        "F1_micro": 0.22222222222222224,
                        "P_macro_doc": 0.3364485981308411,
                        "R_macro_doc": 0.16589861751152074,
                        "F1_macro_doc": 0.22222222222222224,
                        "P_macro_doc_std": 0.0,
                        "R_macro_doc_std": 0.0,
                        "F1_macro_doc_std": 0.0
                    }
                },
                "LOC": {
                    "partial": {
                        "correct": 132,
                        "incorrect": 0,
                        "partial": 18,
                        "missed": 447,
                        "spurious": 61,
                        "possible": 597,
                        "actual": 211,
                        "TP": 132,
                        "FP": 79,
                        "FN": 465,