{
    "NE-COARSE-LIT": {
        "TIME-ALL": {
            "LED-ALL": {
                "PER": {
                    "partial": {
                        "correct": 75,
                        "incorrect": 0,
                        "partial": 66,
                        "missed": 322,
                        "spurious": 118,
                        "possible": 463,
                        "actual": 259,
                        "TP": 75,
                        "FP": 184,
                        "FN": 388,
                        "P_micro": 0.416988416988417,
                        "R_micro": 0.23326133909287258,
                        "F1_micro": 0.2991689750692521,
                        "P_macro_doc": 0.416988416988417,
                        "R_macro_doc": 0.23326133909287258,
                        "F1_macro_doc": 0.2991689750692521,
                        "P_macro_doc_std": 0.0,
                        "R_macro_doc_std": 0.0,
                        "F1_macro_doc_std": 0.0
                    },
                    "strict": {
                        "correct": 61,
                        "incorrect": 80,
                        "partial": 0,
                        "missed": 322,
                        "spurious": 118,
                        "possible": 463,
                        "actual": 259,
                        "TP": 61,
                        "FP": 198,
                        "FN": 402,
                        "P_micro": 0.23552123552123552,
                        "R_micro": 0.13174946004319654,
                        "F1_micro": 0.1689750692520776,
                        "P_macro_doc": 0.23552123552123552,
                        "R_macro_doc": 0.13174946004319654,
                        "F1_macro_doc": 0.1689750692520776,
                        "P_macro_doc_std": 0.0,
                        "R_macro_doc_std": 0.0,
                        "F1_macro_doc_std": 0.0
                    },
                    "ent_type": {
                        "correct": 121,
                        "incorrect": 20,
                        "partial": 0,
                        "missed": 322,
                        "spurious": 118,
                        "possible": 463,
                        "actual": 259,
                        "TP": 121,
                        "FP": 138,
                        "FN": 342,
                        "P_micro": 0.4671814671814672,
                        "R_micro": 0.2613390928725702,
                        "F1_micro": 0.335180055401662,
                        "P_macro_doc": 0.4671814671814672,
                        "R_macro_doc": 0.2613390928725702,
                        "F1_macro_doc": 0.335180055401662,
                        "P_macro_doc_std": 0.0,
                        "R_macro_doc_std": 0.0,
                        "F1_macro_doc_std": 0.0
                    },
                    "exact": {
                        "correct": 75,
                        "incorrect": 66,
                        "partial": 0,
                        "missed": 322,
                        "spurious": 118,
                        "possible": 463,
                        "actual": 259,
                        "TP": 75,
                        "FP": 184,
                        "FN": 388,
                        "P_micro": 0.28957528957528955,
                        "R_micro": 0.16198704103671707,
                        "F1_micro": 0.2077562326869806,
                        "P_macro_doc": 0.28957528957528955,
                        "R_macro_doc": 0.16198704103671707,
                        "F1_macro_doc": 0.2077562326869806,
                        "P_macro_doc_std": 0.0,
                        "R_macro_doc_std": 0.0,
                        "F1_macro_doc_std": 0.0
                    }
                },
                "ORG": {
                    "partial": {
                        "correct": 39,
                        "incorrect": 0,
                        "partial": 36,
                        "missed": 142,
                        "spurious": 210,
                        "possible": 217,
                        "actual": 285,
                        "TP": 39,
                        "FP": 246,
                        "FN": 178,
                        "P_micro": 0.2,
                        "R_micro": 0.2626728110599078,
                        "F1_micro": 0.22709163346613545,
                        "P_macro_doc": 0.2,
                        "R_macro_doc": 0.2626728110599078,
                        "F1_macro_doc": 0.22709163346613545,
                        "P_macro_doc_std": 0.0,
                        "R_macro_doc_std": 0.0,
                        "F1_macro_doc_std": 0.0
                    },
                    "strict": {
                        "correct": 34,
                        "incorrect": 41,
                        "partial": 0,
                        "missed": 142,
                        "spurious": 210,
                        "possible": 217,
                        "actual": 285,
                        "TP": 34,
                        "FP": 251,
                        "FN": 183,
                        "P_micro": 0.11929824561403508,
                        "R_micro": 0.15668202764976957,
                        "F1_micro": 0.1354581673306773,
                        "P_macro_doc": 0.11929824561403508,
                        "R_macro_doc": 0.15668202764976957,
                        "F1_macro_doc": 0.1354581673306773,
                        "P_macro_doc_std": 0.0,
                        "R_macro_doc_std": 0.0,
                        "F1_macro_doc_std": 0.0
                    },
                    "ent_type": {
                        "correct": 64,
                        "incorrect": 11,
                        "partial": 0,
                        "missed": 142,
                        "spurious": 210,
                        "possible": 217,
                        "actual": 285,
                        "TP": 64,
                        "FP": 221,
                        "FN": 153,
                        "P_micro": 0.22456140350877193,
                        "R_micro": 0.29493087557603687,
                        "F1_micro": 0.25498007968127495,
                        "P_macro_doc": 0.22456140350877193,
                        "R_macro_doc": 0.29493087557603687,
                        "F1_macro_doc": 0.25498007968127495,
                        "P_macro_doc_std": 0.0,
                        "R_macro_doc_std": 0.0,
                        "F1_macro_doc_std": 0.0
                    },
                    "exact": {
                        "correct": 39,
                        "incorrect": 36,
                        "partial": 0,
                        "missed": 142,
                        "spurious": 210,
                        "possible": 217,
                        "actual": 285,
                        "TP": 39,
                        "FP": 246,
                        "FN": 178,
                        "P_micro": 0.1368421052631579,
                        "R_micro": 0.17972350230414746,
                        "F1_micro": 0.1553784860557769,
                        "P_macro_doc": 0.1368421052631579,
                        "R_macro_doc": 0.17972350230414746,
                        "F1_macro_doc": 0.1553784860557769,
                        "P_macro_doc_std": 0.0,
                        "R_macro_doc_std": 0.0,
                        "F1_macro_doc_std": 0.0
                    }
                },
                "LOC": {
                    "partial": {
                        "correct": 127,
                        "incorrect": 0,
                        "partial": 64,
                        "missed": 406,
                        "spurious": 137,
                        "possible": 597,
                        "actual": 328,
                        "TP": 127,
                        "FP": 201,
                        "FN": 470,