{
    "NE-COARSE-LIT": {
        "TIME-ALL": {
            "LED-ALL": {
                "PER": {
                    "partial": {
                        "correct": 193,
                        "incorrect": 0,
                        "partial": 121,
                        "missed": 149,
                        "spurious": 253,
                        "possible": 463,
                        "actual": 567,
                        "TP": 193,
                        "FP": 374,
                        "FN": 270,
                        "P_micro": 0.4470899470899471,
                        "R_micro": 0.5475161987041036,
                        "F1_micro": 0.49223300970873785,
                        "P_macro_doc": 0.4470899470899471,
                        "R_macro_doc": 0.5475161987041036,
                        "F1_macro_doc": 0.49223300970873785,
                        "P_macro_doc_std": 0.0,
                        "R_macro_doc_std": 0.0,
                        "F1_macro_doc_std": 0.0
                    },
                    "strict": {
                        "correct": 184,
                        "incorrect": 130,
                        "partial": 0,
                        "missed": 149,
                        "spurious": 253,
                        "possible": 463,
                        "actual": 567,
                        "TP": 184,
                        "FP": 383,
                        "FN": 279,
                        "P_micro": 0.32451499118165783,
                        "R_micro": 0.39740820734341253,
                        "F1_micro": 0.3572815533980583,
                        "P_macro_doc": 0.32451499118165783,
                        "R_macro_doc": 0.39740820734341253,
                        "F1_macro_doc": 0.3572815533980583,
                        "P_macro_doc_std": 0.0,
                        "R_macro_doc_std": 0.0,
                        "F1_macro_doc_std": 0.0
                    },
                    "ent_type": {
                        "correct": 296,
                        "incorrect": 18,
                        "partial": 0,
                        "missed": 149,
                        "spurious": 253,
                        "possible": 463,
                        "actual": 567,
                        "TP": 296,
                        "FP": 271,
                        "FN": 167,
                        "P_micro": 0.5220458553791887,
                        "R_micro": 0.6393088552915767,
                        "F1_micro": 0.574757281553398,
                        "P_macro_doc": 0.5220458553791887,
                        "R_macro_doc": 0.6393088552915767,
                        "F1_macro_doc": 0.574757281553398,
                        "P_macro_doc_std": 0.0,
                        "R_macro_doc_std": 0.0,
                        "F1_macro_doc_std": 0.0
                    },
                    "exact": {
                        "correct": 193,
                        "incorrect": 121,
                        "partial": 0,
                        "missed": 149,
                        "spurious": 253,
                        "possible": 463,
                        "actual": 567,
                        "TP": 193,
                        "FP": 374,
                        "FN": 270,
                        "P_micro": 0.3403880070546737,
                        "R_micro": 0.4168466522678186,
                        "F1_micro": 0.37475728155339805,
                        "P_macro_doc": 0.3403880070546737,
                        "R_macro_doc": 0.4168466522678186,
                        "F1_macro_doc": 0.37475728155339805,
                        "P_macro_doc_std": 0.0,
                        "R_macro_doc_std": 0.0,
                        "F1_macro_doc_std": 0.0
                    }
                },
                "ORG": {
                    "partial": {
                        "correct": 77,
                        "incorrect": 0,
                        "partial": 53,
                        "missed": 87,
                        "spurious": 103,
                        "possible": 217,
                        "actual": 233,
                        "TP": 77,
                        "FP": 156,
                        "FN": 140,
                        "P_micro": 0.44420600858369097,
                        "R_micro": 0.4769585253456221,
                        "F1_micro": 0.45999999999999996,
                        "P_macro_doc": 0.44420600858369097,
                        "R_macro_doc": 0.4769585253456221,
                        "F1_macro_doc": 0.45999999999999996,
                        "P_macro_doc_std": 0.0,
                        "R_macro_doc_std": 0.0,
                        "F1_macro_doc_std": 0.0
                    },
                    "strict": {
                        "correct": 36,
                        "incorrect": 94,
                        "partial": 0,
                        "missed": 87,
                        "spurious": 103,
                        "possible": 217,
                        "actual": 233,
                        "TP": 36,
                        "FP": 197,
                        "FN": 181,
                        "P_micro": 0.15450643776824036,
                        "R_micro": 0.16589861751152074,
                        "F1_micro": 0.16,
                        "P_macro_doc": 0.15450643776824036,
                        "R_macro_doc": 0.16589861751152074,
                        "F1_macro_doc": 0.16,
                        "P_macro_doc_std": 0.0,
                        "R_macro_doc_std": 0.0,
                        "F1_macro_doc_std": 0.0
                    },
                    "ent_type": {
                        "correct": 62,
                        "incorrect": 68,
                        "partial": 0,
                        "missed": 87,
                        "spurious": 103,
                        "possible": 217,
                        "actual": 233,
                        "TP": 62,
                        "FP": 171,
                        "FN": 155,
                        "P_micro": 0.26609442060085836,
                        "R_micro": 0.2857142857142857,
                        "F1_micro": 0.27555555555555555,
                        "P_macro_doc": 0.26609442060085836,
                        "R_macro_doc": 0.2857142857142857,
                        "F1_macro_doc": 0.27555555555555555,
                        "P_macro_doc_std": 0.0,
                        "R_macro_doc_std": 0.0,
                        "F1_macro_doc_std": 0.0
                    },
                    "exact": {
                        "correct": 77,
                        "incorrect": 53,
                        "partial": 0,
                        "missed": 87,
                        "spurious": 103,
                        "possible": 217,
                        "actual": 233,
                        "TP": 77,
                        "FP": 156,
                        "FN": 140,
                        "P_micro": 0.33047210300429186,
                        "R_micro": 0.3548387096774194,
                        "F1_micro": 0.34222222222222226,
                        "P_macro_doc": 0.33047210300429186,
                        "R_macro_doc": 0.3548387096774194,
                        "F1_macro_doc": 0.34222222222222226,
                        "P_macro_doc_std": 0.0,
                        "R_macro_doc_std": 0.0,
                        "F1_macro_doc_std": 0.0
                    }
                },
                "LOC": {
                    "partial": {
                        "correct": 267,
                        "incorrect": 0,
                        "partial": 78,
                        "missed": 252,
                        "spurious": 412,
                        "possible": 597,
                        "actual": 757,
                        "TP": 267,
                        "FP": 490,