{
    "NE-COARSE-LIT": {
        "TIME-ALL": {
            "LED-ALL": {
                "PER": {
                    "partial": {
                        "correct": 141,
                        "incorrect": 0,
                        "partial": 82,
                        "missed": 240,
                        "spurious": 72,
                        "possible": 463,
                        "actual": 295,
                        "TP": 141,
                        "FP": 154,
                        "FN": 322,
                        "P_micro": 0.6169491525423729,
                        "R_micro": 0.3930885529157667,
                        "F1_micro": 0.4802110817941953,
                        "P_macro_doc": 0.6169491525423729,
                        "R_macro_doc": 0.3930885529157667,
                        "F1_macro_doc": 0.4802110817941953,
                        "P_macro_doc_std": 0.0,
                        "R_macro_doc_std": 0.0,
                        "F1_macro_doc_std": 0.0
                    },
                    "strict": {
                        "correct": 129,
                        "incorrect": 94,
                        "partial": 0,
                        "missed": 240,
                        "spurious": 72,
                        "possible": 463,
                        "actual": 295,
                        "TP": 129,
                        "FP": 166,
                        "FN": 334,
                        "P_micro": 0.43728813559322033,
                        "R_micro": 0.2786177105831533,
                        "F1_micro": 0.34036939313984166,
                        "P_macro_doc": 0.43728813559322033,
                        "R_macro_doc": 0.2786177105831533,
                        "F1_macro_doc": 0.34036939313984166,
                        "P_macro_doc_std": 0.0,
                        "R_macro_doc_std": 0.0,
                        "F1_macro_doc_std": 0.0
                    },
                    "ent_type": {
                        "correct": 205,
                        "incorrect": 18,
                        "partial": 0,
                        "missed": 240,
                        "spurious": 72,
                        "possible": 463,
                        "actual": 295,
                        "TP": 205,
                        "FP": 90,
                        "FN": 258,
                        "P_micro": 0.6949152542372882,
                        "R_micro": 0.4427645788336933,
                        "F1_micro": 0.5408970976253299,
                        "P_macro_doc": 0.6949152542372882,
                        "R_macro_doc": 0.4427645788336933,
                        "F1_macro_doc": 0.5408970976253299,
                        "P_macro_doc_std": 0.0,
                        "R_macro_doc_std": 0.0,
                        "F1_macro_doc_std": 0.0
                    },
                    "exact": {
                        "correct": 141,
                        "incorrect": 82,
                        "partial": 0,
                        "missed": 240,
                        "spurious": 72,
                        "possible": 463,
                        "actual": 295,
                        "TP": 141,
                        "FP": 154,
                        "FN": 322,
                        "P_micro": 0.47796610169491527,
                        "R_micro": 0.3045356371490281,
                        "F1_micro": 0.3720316622691293,
                        "P_macro_doc": 0.47796610169491527,
                        "R_macro_doc": 0.3045356371490281,
                        "F1_macro_doc": 0.3720316622691293,
                        "P_macro_doc_std": 0.0,
                        "R_macro_doc_std": 0.0,
                        "F1_macro_doc_std": 0.0
                    }
                },
                "LOC": {
                    "partial": {
                        "correct": 89,
                        "incorrect": 0,
                        "partial": 60,
                        "missed": 448,
                        "spurious": 169,
                        "possible": 597,
                        "actual": 318,
                        "TP": 89,
                        "FP": 229,
                        "FN": 508,
                        "P_micro": 0.3742138364779874,
                        "R_micro": 0.19932998324958123,
                        "F1_micro": 0.26010928961748636,
                        "P_macro_doc": 0.3742138364779874,
                        "R_macro_doc": 0.19932998324958123,
                        "F1_macro_doc": 0.26010928961748636,
                        "P_macro_doc_std": 0.0,
                        "R_macro_doc_std": 0.0,
                        "F1_macro_doc_std": 0.0
                    },
                    "strict": {
                        "correct": 77,
                        "incorrect": 72,
                        "partial": 0,
                        "missed": 448,
                        "spurious": 169,
                        "possible": 597,
                        "actual": 318,
                        "TP": 77,
                        "FP": 241,
                        "FN": 520,
                        "P_micro": 0.24213836477987422,
                        "R_micro": 0.12897822445561138,
                        "F1_micro": 0.16830601092896175,
                        "P_macro_doc": 0.24213836477987422,
                        "R_macro_doc": 0.12897822445561138,
                        "F1_macro_doc": 0.16830601092896175,
                        "P_macro_doc_std": 0.0,
                        "R_macro_doc_std": 0.0,
                        "F1_macro_doc_std": 0.0
                    },
                    "ent_type": {
                        "correct": 121,
                        "incorrect": 28,
                        "partial": 0,
                        "missed": 448,
                        "spurious": 169,
                        "possible": 597,
                        "actual": 318,
                        "TP": 121,
                        "FP": 197,
                        "FN": 476,
                        "P_micro": 0.3805031446540881,
                        "R_micro": 0.20268006700167504,
                        "F1_micro": 0.2644808743169399,
                        "P_macro_doc": 0.3805031446540881,
                        "R_macro_doc": 0.20268006700167504,
                        "F1_macro_doc": 0.2644808743169399,
                        "P_macro_doc_std": 0.0,
                        "R_macro_doc_std": 0.0,
                        "F1_macro_doc_std": 0.0
                    },
                    "exact": {
                        "correct": 89,
                        "incorrect": 60,
                        "partial": 0,
                        "missed": 448,
                        "spurious": 169,
                        "possible": 597,
                        "actual": 318,
                        "TP": 89,
                        "FP": 229,
                        "FN": 508,
                        "P_micro": 0.279874213836478,
                        "R_micro": 0.1490787269681742,
                        "F1_micro": 0.19453551912568304,
                        "P_macro_doc": 0.279874213836478,
                        "R_macro_doc": 0.1490787269681742,
                        "F1_macro_doc": 0.19453551912568304,
                        "P_macro_doc_std": 0.0,
                        "R_macro_doc_std": 0.0,
                        "F1_macro_doc_std": 0.0
                    }
                },
                "ORG": {
                    "partial": {
                        "correct": 33,
                        "incorrect": 0,
                        "partial": 16,
                        "missed": 168,
                        "spurious": 62,
                        "possible": 217,
                        "actual": 111,
                        "TP": 33,
                        "FP": 78,