{
    "NE-COARSE-LIT": {
        "TIME-ALL": {
            "LED-ALL": {
                "PER": {
                    "partial": {
                        "correct": 90,
                        "incorrect": 0,
                        "partial": 46,
                        "missed": 327,
                        "spurious": 57,
                        "possible": 463,
                        "actual": 193,
                        "TP": 90,
                        "FP": 103,
                        "FN": 373,
                        "P_micro": 0.5854922279792746,
                        "R_micro": 0.24406047516198703,
                        "F1_micro": 0.3445121951219512,
                        "P_macro_doc": 0.5854922279792746,
                        "R_macro_doc": 0.24406047516198703,
                        "F1_macro_doc": 0.3445121951219512,
                        "P_macro_doc_std": 0.0,
                        "R_macro_doc_std": 0.0,
                        "F1_macro_doc_std": 0.0
                    },
                    "strict": {
                        "correct": 80,
                        "incorrect": 56,
                        "partial": 0,
                        "missed": 327,
                        "spurious": 57,
                        "possible": 463,
                        "actual": 193,
                        "TP": 80,
                        "FP": 113,
                        "FN": 383,
                        "P_micro": 0.41450777202072536,
                        "R_micro": 0.17278617710583152,
                        "F1_micro": 0.24390243902439024,
                        "P_macro_doc": 0.41450777202072536,
                        "R_macro_doc": 0.17278617710583152,
                        "F1_macro_doc": 0.24390243902439024,
                        "P_macro_doc_std": 0.0,
                        "R_macro_doc_std": 0.0,
                        "F1_macro_doc_std": 0.0
                    },
                    "ent_type": {
                        "correct": 123,
                        "incorrect": 13,
                        "partial": 0,
                        "missed": 327,
                        "spurious": 57,
                        "possible": 463,
                        "actual": 193,
                        "TP": 123,
                        "FP": 70,
                        "FN": 340,
                        "P_micro": 0.6373056994818653,
                        "R_micro": 0.265658747300216,
                        "F1_micro": 0.37500000000000006,
                        "P_macro_doc": 0.6373056994818653,
                        "R_macro_doc": 0.265658747300216,
                        "F1_macro_doc": 0.37500000000000006,
                        "P_macro_doc_std": 0.0,
                        "R_macro_doc_std": 0.0,
                        "F1_macro_doc_std": 0.0
                    },
                    "exact": {
                        "correct": 90,
                        "incorrect": 46,
                        "partial": 0,
                        "missed": 327,
                        "spurious": 57,
                        "possible": 463,
                        "actual": 193,
                        "TP": 90,
                        "FP": 103,
                        "FN": 373,
                        "P_micro": 0.46632124352331605,
                        "R_micro": 0.19438444924406048,
                        "F1_micro": 0.27439024390243905,
                        "P_macro_doc": 0.46632124352331605,
                        "R_macro_doc": 0.19438444924406048,
                        "F1_macro_doc": 0.27439024390243905,
                        "P_macro_doc_std": 0.0,
                        "R_macro_doc_std": 0.0,
                        "F1_macro_doc_std": 0.0
                    }
                },
                "LOC": {
                    "partial": {
                        "correct": 54,
                        "incorrect": 0,
                        "partial": 27,
                        "missed": 516,
                        "spurious": 129,
                        "possible": 597,
                        "actual": 210,
                        "TP": 54,
                        "FP": 156,
                        "FN": 543,
                        "P_micro": 0.32142857142857145,
                        "R_micro": 0.11306532663316583,
                        "F1_micro": 0.16728624535315986,
                        "P_macro_doc": 0.32142857142857145,
                        "R_macro_doc": 0.11306532663316583,
                        "F1_macro_doc": 0.16728624535315986,
                        "P_macro_doc_std": 0.0,
                        "R_macro_doc_std": 0.0,
                        "F1_macro_doc_std": 0.0
                    },
                    "strict": {
                        "correct": 45,
                        "incorrect": 36,
                        "partial": 0,
                        "missed": 516,
                        "spurious": 129,
                        "possible": 597,
                        "actual": 210,
                        "TP": 45,
                        "FP": 165,
                        "FN": 552,
                        "P_micro": 0.21428571428571427,
                        "R_micro": 0.07537688442211055,
                        "F1_micro": 0.1115241635687732,
                        "P_macro_doc": 0.21428571428571427,
                        "R_macro_doc": 0.07537688442211055,
                        "F1_macro_doc": 0.1115241635687732,
                        "P_macro_doc_std": 0.0,
                        "R_macro_doc_std": 0.0,
                        "F1_macro_doc_std": 0.0
                    },
                    "ent_type": {
                        "correct": 67,
                        "incorrect": 14,
                        "partial": 0,
                        "missed": 516,
                        "spurious": 129,
                        "possible": 597,
                        "actual": 210,
                        "TP": 67,
                        "FP": 143,
                        "FN": 530,
                        "P_micro": 0.319047619047619,
                        "R_micro": 0.11222780569514237,
                        "F1_micro": 0.1660470879801735,
                        "P_macro_doc": 0.319047619047619,
                        "R_macro_doc": 0.11222780569514237,
                        "F1_macro_doc": 0.1660470879801735,
                        "P_macro_doc_std": 0.0,
                        "R_macro_doc_std": 0.0,
                        "F1_macro_doc_std": 0.0
                    },
                    "exact": {
                        "correct": 54,
                        "incorrect": 27,
                        "partial": 0,
                        "missed": 516,
                        "spurious": 129,
                        "possible": 597,
                        "actual": 210,
                        "TP": 54,
                        "FP": 156,
                        "FN": 543,
                        "P_micro": 0.2571428571428571,
                        "R_micro": 0.09045226130653267,
                        "F1_micro": 0.1338289962825279,
                        "P_macro_doc": 0.2571428571428571,
                        "R_macro_doc": 0.09045226130653267,
                        "F1_macro_doc": 0.1338289962825279,
                        "P_macro_doc_std": 0.0,
                        "R_macro_doc_std": 0.0,
                        "F1_macro_doc_std": 0.0
                    }
                },
                "ORG": {
                    "partial": {
                        "correct": 21,
                        "incorrect": 0,
                        "partial": 14,
                        "missed": 182,
                        "spurious": 64,
                        "possible": 217,
                        "actual": 99,
                        "TP": 21,
                        "FP": 78,