{
    "NE-COARSE-LIT": {
        "TIME-ALL": {
            "LED-ALL": {
                "PER": {
                    "partial": {
                        "correct": 119,
                        "incorrect": 0,
                        "partial": 99,
                        "missed": 245,
                        "spurious": 179,
                        "possible": 463,
                        "actual": 397,
                        "TP": 119,
                        "FP": 278,
                        "FN": 344,
                        "P_micro": 0.4244332493702771,
                        "R_micro": 0.36393088552915764,
                        "F1_micro": 0.3918604651162791,
                        "P_macro_doc": 0.4244332493702771,
                        "R_macro_doc": 0.36393088552915764,
                        "F1_macro_doc": 0.3918604651162791,
                        "P_macro_doc_std": 0.0,
                        "R_macro_doc_std": 0.0,
                        "F1_macro_doc_std": 0.0
                    },
                    "strict": {
                        "correct": 110,
                        "incorrect": 108,
                        "partial": 0,
                        "missed": 245,
                        "spurious": 179,
                        "possible": 463,
                        "actual": 397,
                        "TP": 110,
                        "FP": 287,
                        "FN": 353,
                        "P_micro": 0.2770780856423174,
                        "R_micro": 0.23758099352051837,
                        "F1_micro": 0.25581395348837205,
                        "P_macro_doc": 0.2770780856423174,
                        "R_macro_doc": 0.23758099352051837,
                        "F1_macro_doc": 0.25581395348837205,
                        "P_macro_doc_std": 0.0,
                        "R_macro_doc_std": 0.0,
                        "F1_macro_doc_std": 0.0
                    },
                    "ent_type": {
                        "correct": 202,
                        "incorrect": 16,
                        "partial": 0,
                        "missed": 245,
                        "spurious": 179,
                        "possible": 463,
                        "actual": 397,
                        "TP": 202,
                        "FP": 195,
                        "FN": 261,
                        "P_micro": 0.5088161209068011,
                        "R_micro": 0.43628509719222464,
                        "F1_micro": 0.46976744186046515,
                        "P_macro_doc": 0.5088161209068011,
                        "R_macro_doc": 0.43628509719222464,
                        "F1_macro_doc": 0.46976744186046515,
                        "P_macro_doc_std": 0.0,
                        "R_macro_doc_std": 0.0,
                        "F1_macro_doc_std": 0.0
                    },
                    "exact": {
                        "correct": 119,
                        "incorrect": 99,
                        "partial": 0,
                        "missed": 245,
                        "spurious": 179,
                        "possible": 463,
                        "actual": 397,
                        "TP": 119,
                        "FP": 278,
                        "FN": 344,
                        "P_micro": 0.29974811083123426,
                        "R_micro": 0.2570194384449244,
                        "F1_micro": 0.27674418604651163,
                        "P_macro_doc": 0.29974811083123426,
                        "R_macro_doc": 0.2570194384449244,
                        "F1_macro_doc": 0.27674418604651163,
                        "P_macro_doc_std": 0.0,
                        "R_macro_doc_std": 0.0,
                        "F1_macro_doc_std": 0.0
                    }
                },
                "ORG": {
                    "partial": {
                        "correct": 57,
                        "incorrect": 0,
                        "partial": 44,
                        "missed": 116,
                        "spurious": 135,
                        "possible": 217,
                        "actual": 236,
                        "TP": 57,
                        "FP": 179,
                        "FN": 160,
                        "P_micro": 0.3347457627118644,
                        "R_micro": 0.3640552995391705,
                        "F1_micro": 0.34878587196467986,
                        "P_macro_doc": 0.3347457627118644,
                        "R_macro_doc": 0.3640552995391705,
                        "F1_macro_doc": 0.34878587196467986,
                        "P_macro_doc_std": 0.0,
                        "R_macro_doc_std": 0.0,
                        "F1_macro_doc_std": 0.0
                    },
                    "strict": {
                        "correct": 47,
                        "incorrect": 54,
                        "partial": 0,
                        "missed": 116,
                        "spurious": 135,
                        "possible": 217,
                        "actual": 236,
                        "TP": 47,
                        "FP": 189,
                        "FN": 170,
                        "P_micro": 0.19915254237288135,
                        "R_micro": 0.21658986175115208,
                        "F1_micro": 0.20750551876379691,
                        "P_macro_doc": 0.19915254237288135,
                        "R_macro_doc": 0.21658986175115208,
                        "F1_macro_doc": 0.20750551876379691,
                        "P_macro_doc_std": 0.0,
                        "R_macro_doc_std": 0.0,
                        "F1_macro_doc_std": 0.0
                    },
                    "ent_type": {
                        "correct": 80,
                        "incorrect": 21,
                        "partial": 0,
                        "missed": 116,
                        "spurious": 135,
                        "possible": 217,
                        "actual": 236,
                        "TP": 80,
                        "FP": 156,
                        "FN": 137,
                        "P_micro": 0.3389830508474576,
                        "R_micro": 0.3686635944700461,
                        "F1_micro": 0.35320088300220753,
                        "P_macro_doc": 0.3389830508474576,
                        "R_macro_doc": 0.3686635944700461,
                        "F1_macro_doc": 0.35320088300220753,
                        "P_macro_doc_std": 0.0,
                        "R_macro_doc_std": 0.0,
                        "F1_macro_doc_std": 0.0
                    },
                    "exact": {
                        "correct": 57,
                        "incorrect": 44,
                        "partial": 0,
                        "missed": 116,
                        "spurious": 135,
                        "possible": 217,
                        "actual": 236,
                        "TP": 57,
                        "FP": 179,
                        "FN": 160,
                        "P_micro": 0.24152542372881355,
                        "R_micro": 0.2626728110599078,
                        "F1_micro": 0.2516556291390728,
                        "P_macro_doc": 0.24152542372881355,
                        "R_macro_doc": 0.2626728110599078,
                        "F1_macro_doc": 0.2516556291390728,
                        "P_macro_doc_std": 0.0,
                        "R_macro_doc_std": 0.0,
                        "F1_macro_doc_std": 0.0
                    }
                },
                "LOC": {
                    "partial": {
                        "correct": 157,
                        "incorrect": 0,
                        "partial": 78,
                        "missed": 362,
                        "spurious": 270,
                        "possible": 597,
                        "actual": 505,
                        "TP": 157,