{
    "NE-COARSE-LIT": {
        "TIME-ALL": {
            "LED-ALL": {
                "PER": {
                    "partial": {
                        "correct": 34,
                        "incorrect": 0,
                        "partial": 18,
                        "missed": 411,
                        "spurious": 19,
                        "possible": 463,
                        "actual": 71,
                        "TP": 34,
                        "FP": 37,
                        "FN": 429,
                        "P_micro": 0.6056338028169014,
                        "R_micro": 0.09287257019438445,
                        "F1_micro": 0.16104868913857678,
                        "P_macro_doc": 0.6056338028169014,
                        "R_macro_doc": 0.09287257019438445,
                        "F1_macro_doc": 0.16104868913857678,
                        "P_macro_doc_std": 0.0,
                        "R_macro_doc_std": 0.0,
                        "F1_macro_doc_std": 0.0
                    },
                    "strict": {
                        "correct": 33,
                        "incorrect": 19,
                        "partial": 0,
                        "missed": 411,
                        "spurious": 19,
                        "possible": 463,
                        "actual": 71,
                        "TP": 33,
                        "FP": 38,
                        "FN": 430,
                        "P_micro": 0.4647887323943662,
                        "R_micro": 0.07127429805615551,
                        "F1_micro": 0.12359550561797751,
                        "P_macro_doc": 0.4647887323943662,
                        "R_macro_doc": 0.07127429805615551,
                        "F1_macro_doc": 0.12359550561797751,
                        "P_macro_doc_std": 0.0,
                        "R_macro_doc_std": 0.0,
                        "F1_macro_doc_std": 0.0
                    },
                    "ent_type": {
                        "correct": 51,
                        "incorrect": 1,
                        "partial": 0,
                        "missed": 411,
                        "spurious": 19,
                        "possible": 463,
                        "actual": 71,
                        "TP": 51,
                        "FP": 20,
                        "FN": 412,
                        "P_micro": 0.7183098591549296,
                        "R_micro": 0.1101511879049676,
                        "F1_micro": 0.19101123595505617,
                        "P_macro_doc": 0.7183098591549296,
                        "R_macro_doc": 0.1101511879049676,
                        "F1_macro_doc": 0.19101123595505617,
                        "P_macro_doc_std": 0.0,
                        "R_macro_doc_std": 0.0,
                        "F1_macro_doc_std": 0.0
                    },
                    "exact": {
                        "correct": 34,
                        "incorrect": 18,
                        "partial": 0,
                        "missed": 411,
                        "spurious": 19,
                        "possible": 463,
                        "actual": 71,
                        "TP": 34,
                        "FP": 37,
                        "FN": 429,
                        "P_micro": 0.4788732394366197,
                        "R_micro": 0.0734341252699784,
                        "F1_micro": 0.12734082397003746,
                        "P_macro_doc": 0.4788732394366197,
                        "R_macro_doc": 0.0734341252699784,
                        "F1_macro_doc": 0.12734082397003746,
                        "P_macro_doc_std": 0.0,
                        "R_macro_doc_std": 0.0,
                        "F1_macro_doc_std": 0.0
                    }
                },
                "ORG": {
                    "partial": {
                        "correct": 21,
                        "incorrect": 0,
                        "partial": 11,
                        "missed": 185,
                        "spurious": 15,
                        "possible": 217,
                        "actual": 47,
                        "TP": 21,
                        "FP": 26,
                        "FN": 196,
                        "P_micro": 0.5638297872340425,
                        "R_micro": 0.12211981566820276,
                        "F1_micro": 0.20075757575757577,
                        "P_macro_doc": 0.5638297872340425,
                        "R_macro_doc": 0.12211981566820276,
                        "F1_macro_doc": 0.20075757575757577,
                        "P_macro_doc_std": 0.0,
                        "R_macro_doc_std": 0.0,
                        "F1_macro_doc_std": 0.0
                    },
                    "strict": {
                        "correct": 19,
                        "incorrect": 13,
                        "partial": 0,
                        "missed": 185,
                        "spurious": 15,
                        "possible": 217,
                        "actual": 47,
                        "TP": 19,
                        "FP": 28,
                        "FN": 198,
                        "P_micro": 0.40425531914893614,
                        "R_micro": 0.08755760368663594,
                        "F1_micro": 0.14393939393939392,
                        "P_macro_doc": 0.40425531914893614,
                        "R_macro_doc": 0.08755760368663594,
                        "F1_macro_doc": 0.14393939393939392,
                        "P_macro_doc_std": 0.0,
                        "R_macro_doc_std": 0.0,
                        "F1_macro_doc_std": 0.0
                    },
                    "ent_type": {
                        "correct": 27,
                        "incorrect": 5,
                        "partial": 0,
                        "missed": 185,
                        "spurious": 15,
                        "possible": 217,
                        "actual": 47,
                        "TP": 27,
                        "FP": 20,
                        "FN": 190,
                        "P_micro": 0.574468085106383,
                        "R_micro": 0.12442396313364056,
                        "F1_micro": 0.20454545454545453,
                        "P_macro_doc": 0.574468085106383,
                        "R_macro_doc": 0.12442396313364056,
                        "F1_macro_doc": 0.20454545454545453,
                        "P_macro_doc_std": 0.0,
                        "R_macro_doc_std": 0.0,
                        "F1_macro_doc_std": 0.0
                    },
                    "exact": {
                        "correct": 21,
                        "incorrect": 11,
                        "partial": 0,
                        "missed": 185,
                        "spurious": 15,
                        "possible": 217,
                        "actual": 47,
                        "TP": 21,
                        "FP": 26,
                        "FN": 196,
                        "P_micro": 0.44680851063829785,
                        "R_micro": 0.0967741935483871,
                        "F1_micro": 0.15909090909090906,
                        "P_macro_doc": 0.44680851063829785,
                        "R_macro_doc": 0.0967741935483871,
                        "F1_macro_doc": 0.15909090909090906,
                        "P_macro_doc_std": 0.0,
                        "R_macro_doc_std": 0.0,
                        "F1_macro_doc_std": 0.0
                    }
                },
                "LOC": {
                    "partial": {
                        "correct": 102,
                        "incorrect": 0,
                        "partial": 12,
                        "missed": 483,
                        "spurious": 47,
                        "possible": 597,
                        "actual": 161,
                        "TP": 102,
                        "FP": 59,