{
    "NE-COARSE-LIT": {
        "TIME-ALL": {
            "LED-ALL": {
                "PER": {
                    "partial": {
                        "correct": 67,
                        "incorrect": 0,
                        "partial": 30,
                        "missed": 366,
                        "spurious": 38,
                        "possible": 463,
                        "actual": 135,
                        "TP": 67,
                        "FP": 68,
                        "FN": 396,
                        "P_micro": 0.6074074074074074,
                        "R_micro": 0.1771058315334773,
                        "F1_micro": 0.27424749163879597,
                        "P_macro_doc": 0.6074074074074074,
                        "R_macro_doc": 0.1771058315334773,
                        "F1_macro_doc": 0.27424749163879597,
                        "P_macro_doc_std": 0.0,
                        "R_macro_doc_std": 0.0,
                        "F1_macro_doc_std": 0.0
                    },
                    "strict": {
                        "correct": 65,
                        "incorrect": 32,
                        "partial": 0,
                        "missed": 366,
                        "spurious": 38,
                        "possible": 463,
                        "actual": 135,
                        "TP": 65,
                        "FP": 70,
                        "FN": 398,
                        "P_micro": 0.48148148148148145,
                        "R_micro": 0.14038876889848811,
                        "F1_micro": 0.2173913043478261,
                        "P_macro_doc": 0.48148148148148145,
                        "R_macro_doc": 0.14038876889848811,
                        "F1_macro_doc": 0.2173913043478261,
                        "P_macro_doc_std": 0.0,
                        "R_macro_doc_std": 0.0,
                        "F1_macro_doc_std": 0.0
                    },
                    "ent_type": {
                        "correct": 95,
                        "incorrect": 2,
                        "partial": 0,
                        "missed": 366,
                        "spurious": 38,
                        "possible": 463,
                        "actual": 135,
                        "TP": 95,
                        "FP": 40,
                        "FN": 368,
                        "P_micro": 0.7037037037037037,
                        "R_micro": 0.20518358531317496,
                        "F1_micro": 0.3177257525083612,
                        "P_macro_doc": 0.7037037037037037,
                        "R_macro_doc": 0.20518358531317496,
                        "F1_macro_doc": 0.3177257525083612,
                        "P_macro_doc_std": 0.0,
                        "R_macro_doc_std": 0.0,
                        "F1_macro_doc_std": 0.0
                    },
                    "exact": {
                        "correct": 67,
                        "incorrect": 30,
                        "partial": 0,
                        "missed": 366,
                        "spurious": 38,
                        "possible": 463,
                        "actual": 135,
                        "TP": 67,
                        "FP": 68,
                        "FN": 396,
                        "P_micro": 0.4962962962962963,
                        "R_micro": 0.1447084233261339,
                        "F1_micro": 0.2240802675585284,
                        "P_macro_doc": 0.4962962962962963,
                        "R_macro_doc": 0.1447084233261339,
                        "F1_macro_doc": 0.2240802675585284,
                        "P_macro_doc_std": 0.0,
                        "R_macro_doc_std": 0.0,
                        "F1_macro_doc_std": 0.0
                    }
                },
                "ORG": {
                    "partial": {
                        "correct": 40,
                        "incorrect": 0,
                        "partial": 20,
                        "missed": 157,
                        "spurious": 41,
                        "possible": 217,
                        "actual": 101,
                        "TP": 40,
                        "FP": 61,
                        "FN": 177,
                        "P_micro": 0.49504950495049505,
                        "R_micro": 0.2304147465437788,
                        "F1_micro": 0.31446540880503143,
                        "P_macro_doc": 0.49504950495049505,
                        "R_macro_doc": 0.2304147465437788,
                        "F1_macro_doc": 0.31446540880503143,
                        "P_macro_doc_std": 0.0,
                        "R_macro_doc_std": 0.0,
                        "F1_macro_doc_std": 0.0
                    },
                    "strict": {
                        "correct": 35,
                        "incorrect": 25,
                        "partial": 0,
                        "missed": 157,
                        "spurious": 41,
                        "possible": 217,
                        "actual": 101,
                        "TP": 35,
                        "FP": 66,
                        "FN": 182,
                        "P_micro": 0.3465346534653465,
                        "R_micro": 0.16129032258064516,
                        "F1_micro": 0.22012578616352202,
                        "P_macro_doc": 0.3465346534653465,
                        "R_macro_doc": 0.16129032258064516,
                        "F1_macro_doc": 0.22012578616352202,
                        "P_macro_doc_std": 0.0,
                        "R_macro_doc_std": 0.0,
                        "F1_macro_doc_std": 0.0
                    },
                    "ent_type": {
                        "correct": 52,
                        "incorrect": 8,
                        "partial": 0,
                        "missed": 157,
                        "spurious": 41,
                        "possible": 217,
                        "actual": 101,
                        "TP": 52,
                        "FP": 49,
                        "FN": 165,
                        "P_micro": 0.5148514851485149,
                        "R_micro": 0.23963133640552994,
                        "F1_micro": 0.3270440251572327,
                        "P_macro_doc": 0.5148514851485149,
                        "R_macro_doc": 0.23963133640552994,
                        "F1_macro_doc": 0.3270440251572327,
                        "P_macro_doc_std": 0.0,
                        "R_macro_doc_std": 0.0,
                        "F1_macro_doc_std": 0.0
                    },
                    "exact": {
                        "correct": 40,
                        "incorrect": 20,
                        "partial": 0,
                        "missed": 157,
                        "spurious": 41,
                        "possible": 217,
                        "actual": 101,
                        "TP": 40,
                        "FP": 61,
                        "FN": 177,
                        "P_micro": 0.39603960396039606,
                        "R_micro": 0.18433179723502305,
                        "F1_micro": 0.25157232704402516,
                        "P_macro_doc": 0.39603960396039606,
                        "R_macro_doc": 0.18433179723502305,
                        "F1_macro_doc": 0.25157232704402516,
                        "P_macro_doc_std": 0.0,
                        "R_macro_doc_std": 0.0,
                        "F1_macro_doc_std": 0.0
                    }
                },
                "LOC": {
                    "partial": {
                        "correct": 134,
                        "incorrect": 0,
                        "partial": 25,
                        "missed": 438,
                        "spurious": 54,
                        "possible": 597,
                        "actual": 213,
                        "TP": 134,
                        "FP": 79,