{
    "NE-COARSE-LIT": {
        "TIME-ALL": {
            "LED-ALL": {
                "PER": {
                    "partial": {
                        "correct": 62,
                        "incorrect": 0,
                        "partial": 34,
                        "missed": 367,
                        "spurious": 37,
                        "possible": 463,
                        "actual": 133,
                        "TP": 62,
                        "FP": 71,
                        "FN": 401,
                        "P_micro": 0.5939849624060151,
                        "R_micro": 0.17062634989200864,
                        "F1_micro": 0.2651006711409396,
                        "P_macro_doc": 0.5939849624060151,
                        "R_macro_doc": 0.17062634989200864,
                        "F1_macro_doc": 0.2651006711409396,
                        "P_macro_doc_std": 0.0,
                        "R_macro_doc_std": 0.0,
                        "F1_macro_doc_std": 0.0
                    },
                    "strict": {
                        "correct": 60,
                        "incorrect": 36,
                        "partial": 0,
                        "missed": 367,
                        "spurious": 37,
                        "possible": 463,
                        "actual": 133,
                        "TP": 60,
                        "FP": 73,
                        "FN": 403,
                        "P_micro": 0.45112781954887216,
                        "R_micro": 0.12958963282937366,
                        "F1_micro": 0.20134228187919465,
                        "P_macro_doc": 0.45112781954887216,
                        "R_macro_doc": 0.12958963282937366,
                        "F1_macro_doc": 0.20134228187919465,
                        "P_macro_doc_std": 0.0,
                        "R_macro_doc_std": 0.0,
                        "F1_macro_doc_std": 0.0
                    },
                    "ent_type": {
                        "correct": 93,
                        "incorrect": 3,
                        "partial": 0,
                        "missed": 367,
                        "spurious": 37,
                        "possible": 463,
                        "actual": 133,
                        "TP": 93,
                        "FP": 40,
                        "FN": 370,
                        "P_micro": 0.6992481203007519,
                        "R_micro": 0.20086393088552915,
                        "F1_micro": 0.31208053691275167,
                        "P_macro_doc": 0.6992481203007519,
                        "R_macro_doc": 0.20086393088552915,
                        "F1_macro_doc": 0.31208053691275167,
                        "P_macro_doc_std": 0.0,
                        "R_macro_doc_std": 0.0,
                        "F1_macro_doc_std": 0.0
                    },
                    "exact": {
                        "correct": 62,
                        "incorrect": 34,
                        "partial": 0,
                        "missed": 367,
                        "spurious": 37,
                        "possible": 463,
                        "actual": 133,
                        "TP": 62,
                        "FP": 71,
                        "FN": 401,
                        "P_micro": 0.46616541353383456,
                        "R_micro": 0.13390928725701945,
                        "F1_micro": 0.2080536912751678,
                        "P_macro_doc": 0.46616541353383456,
                        "R_macro_doc": 0.13390928725701945,
                        "F1_macro_doc": 0.2080536912751678,
                        "P_macro_doc_std": 0.0,
                        "R_macro_doc_std": 0.0,
                        "F1_macro_doc_std": 0.0
                    }
                },
                "ORG": {
                    "partial": {
                        "correct": 41,
                        "incorrect": 0,
                        "partial": 22,
                        "missed": 154,
                        "spurious": 41,
                        "possible": 217,
                        "actual": 104,
                        "TP": 41,
                        "FP": 63,
                        "FN": 176,
                        "P_micro": 0.5,
                        "R_micro": 0.23963133640552994,
                        "F1_micro": 0.32398753894080995,
                        "P_macro_doc": 0.5,
                        "R_macro_doc": 0.23963133640552994,
                        "F1_macro_doc": 0.32398753894080995,
                        "P_macro_doc_std": 0.0,
                        "R_macro_doc_std": 0.0,
                        "F1_macro_doc_std": 0.0
                    },
                    "strict": {
                        "correct": 33,
                        "incorrect": 30,
                        "partial": 0,
                        "missed": 154,
                        "spurious": 41,
                        "possible": 217,
                        "actual": 104,
                        "TP": 33,
                        "FP": 71,
                        "FN": 184,
                        "P_micro": 0.3173076923076923,
                        "R_micro": 0.15207373271889402,
                        "F1_micro": 0.20560747663551404,
                        "P_macro_doc": 0.3173076923076923,
                        "R_macro_doc": 0.15207373271889402,
                        "F1_macro_doc": 0.20560747663551404,
                        "P_macro_doc_std": 0.0,
                        "R_macro_doc_std": 0.0,
                        "F1_macro_doc_std": 0.0
                    },
                    "ent_type": {
                        "correct": 50,
                        "incorrect": 13,
                        "partial": 0,
                        "missed": 154,
                        "spurious": 41,
                        "possible": 217,
                        "actual": 104,
                        "TP": 50,
                        "FP": 54,
                        "FN": 167,
                        "P_micro": 0.4807692307692308,
                        "R_micro": 0.2304147465437788,
                        "F1_micro": 0.31152647975077885,
                        "P_macro_doc": 0.4807692307692308,
                        "R_macro_doc": 0.2304147465437788,
                        "F1_macro_doc": 0.31152647975077885,
                        "P_macro_doc_std": 0.0,
                        "R_macro_doc_std": 0.0,
                        "F1_macro_doc_std": 0.0
                    },
                    "exact": {
                        "correct": 41,
                        "incorrect": 22,
                        "partial": 0,
                        "missed": 154,
                        "spurious": 41,
                        "possible": 217,
                        "actual": 104,
                        "TP": 41,
                        "FP": 63,
                        "FN": 176,
                        "P_micro": 0.3942307692307692,
                        "R_micro": 0.1889400921658986,
                        "F1_micro": 0.2554517133956386,
                        "P_macro_doc": 0.3942307692307692,
                        "R_macro_doc": 0.1889400921658986,
                        "F1_macro_doc": 0.2554517133956386,
                        "P_macro_doc_std": 0.0,
                        "R_macro_doc_std": 0.0,
                        "F1_macro_doc_std": 0.0
                    }
                },
                "LOC": {
                    "partial": {
                        "correct": 140,
                        "incorrect": 0,
                        "partial": 30,
                        "missed": 427,
                        "spurious": 92,
                        "possible": 597,
                        "actual": 262,
                        "TP": 140,
                        "FP": 122,
                        "FN": 457,