{
    "NE-COARSE-LIT": {
        "TIME-ALL": {
            "LED-ALL": {
                "PER": {
                    "partial": {
                        "correct": 125,
                        "incorrect": 0,
                        "partial": 87,
                        "missed": 251,
                        "spurious": 232,
                        "possible": 463,
                        "actual": 444,
                        "TP": 125,
                        "FP": 319,
                        "FN": 338,
                        "P_micro": 0.3795045045045045,
                        "R_micro": 0.36393088552915764,
                        "F1_micro": 0.3715545755237045,
                        "P_macro_doc": 0.3795045045045045,
                        "R_macro_doc": 0.36393088552915764,
                        "F1_macro_doc": 0.3715545755237045,
                        "P_macro_doc_std": 0.0,
                        "R_macro_doc_std": 0.0,
                        "F1_macro_doc_std": 0.0
                    },
                    "strict": {
                        "correct": 120,
                        "incorrect": 92,
                        "partial": 0,
                        "missed": 251,
                        "spurious": 232,
                        "possible": 463,
                        "actual": 444,
                        "TP": 120,
                        "FP": 324,
                        "FN": 343,
                        "P_micro": 0.2702702702702703,
                        "R_micro": 0.2591792656587473,
                        "F1_micro": 0.2646085997794928,
                        "P_macro_doc": 0.2702702702702703,
                        "R_macro_doc": 0.2591792656587473,
                        "F1_macro_doc": 0.2646085997794928,
                        "P_macro_doc_std": 0.0,
                        "R_macro_doc_std": 0.0,
                        "F1_macro_doc_std": 0.0
                    },
                    "ent_type": {
                        "correct": 202,
                        "incorrect": 10,
                        "partial": 0,
                        "missed": 251,
                        "spurious": 232,
                        "possible": 463,
                        "actual": 444,
                        "TP": 202,
                        "FP": 242,
                        "FN": 261,
                        "P_micro": 0.45495495495495497,
                        "R_micro": 0.43628509719222464,
                        "F1_micro": 0.4454244762954796,
                        "P_macro_doc": 0.45495495495495497,
                        "R_macro_doc": 0.43628509719222464,
                        "F1_macro_doc": 0.4454244762954796,
                        "P_macro_doc_std": 0.0,
                        "R_macro_doc_std": 0.0,
                        "F1_macro_doc_std": 0.0
                    },
                    "exact": {
                        "correct": 125,
                        "incorrect": 87,
                        "partial": 0,
                        "missed": 251,
                        "spurious": 232,
                        "possible": 463,
                        "actual": 444,
                        "TP": 125,
                        "FP": 319,
                        "FN": 338,
                        "P_micro": 0.28153153153153154,
                        "R_micro": 0.26997840172786175,
                        "F1_micro": 0.27563395810363833,
                        "P_macro_doc": 0.28153153153153154,
                        "R_macro_doc": 0.26997840172786175,
                        "F1_macro_doc": 0.27563395810363833,
                        "P_macro_doc_std": 0.0,
                        "R_macro_doc_std": 0.0,
                        "F1_macro_doc_std": 0.0
                    }
                },
                "ORG": {
                    "partial": {
                        "correct": 45,
                        "incorrect": 0,
                        "partial": 50,
                        "missed": 122,
                        "spurious": 88,
                        "possible": 217,
                        "actual": 183,
                        "TP": 45,
                        "FP": 138,
                        "FN": 172,
                        "P_micro": 0.3825136612021858,
                        "R_micro": 0.3225806451612903,
                        "F1_micro": 0.35000000000000003,
                        "P_macro_doc": 0.3825136612021858,
                        "R_macro_doc": 0.3225806451612903,
                        "F1_macro_doc": 0.35000000000000003,
                        "P_macro_doc_std": 0.0,
                        "R_macro_doc_std": 0.0,
                        "F1_macro_doc_std": 0.0
                    },
                    "strict": {
                        "correct": 24,
                        "incorrect": 71,
                        "partial": 0,
                        "missed": 122,
                        "spurious": 88,
                        "possible": 217,
                        "actual": 183,
                        "TP": 24,
                        "FP": 159,
                        "FN": 193,
                        "P_micro": 0.13114754098360656,
                        "R_micro": 0.11059907834101383,
                        "F1_micro": 0.12000000000000001,
                        "P_macro_doc": 0.13114754098360656,
                        "R_macro_doc": 0.11059907834101383,
                        "F1_macro_doc": 0.12000000000000001,
                        "P_macro_doc_std": 0.0,
                        "R_macro_doc_std": 0.0,
                        "F1_macro_doc_std": 0.0
                    },
                    "ent_type": {
                        "correct": 50,
                        "incorrect": 45,
                        "partial": 0,
                        "missed": 122,
                        "spurious": 88,
                        "possible": 217,
                        "actual": 183,
                        "TP": 50,
                        "FP": 133,
                        "FN": 167,
                        "P_micro": 0.273224043715847,
                        "R_micro": 0.2304147465437788,
                        "F1_micro": 0.25000000000000006,
                        "P_macro_doc": 0.273224043715847,
                        "R_macro_doc": 0.2304147465437788,
                        "F1_macro_doc": 0.25000000000000006,
                        "P_macro_doc_std": 0.0,
                        "R_macro_doc_std": 0.0,
                        "F1_macro_doc_std": 0.0
                    },
                    "exact": {
                        "correct": 45,
                        "incorrect": 50,
                        "partial": 0,
                        "missed": 122,
                        "spurious": 88,
                        "possible": 217,
                        "actual": 183,
                        "TP": 45,
                        "FP": 138,
                        "FN": 172,
                        "P_micro": 0.2459016393442623,
                        "R_micro": 0.2073732718894009,
                        "F1_micro": 0.225,
                        "P_macro_doc": 0.2459016393442623,
                        "R_macro_doc": 0.2073732718894009,
                        "F1_macro_doc": 0.225,
                        "P_macro_doc_std": 0.0,
                        "R_macro_doc_std": 0.0,
                        "F1_macro_doc_std": 0.0
                    }
                },
                "LOC": {
                    "partial": {
                        "correct": 165,
                        "incorrect": 0,
                        "partial": 81,
                        "missed": 351,
                        "spurious": 461,
                        "possible": 597,
                        "actual": 707,
                        "TP": 165,
                        "FP": 542,