{
    "NE-COARSE-LIT": {
        "TIME-ALL": {
            "LED-ALL": {
                "PER": {
                    "partial": {
                        "correct": 111,
                        "incorrect": 0,
                        "partial": 93,
                        "missed": 259,
                        "spurious": 290,
                        "possible": 463,
                        "actual": 494,
                        "TP": 111,
                        "FP": 383,
                        "FN": 352,
                        "P_micro": 0.3188259109311741,
                        "R_micro": 0.34017278617710583,
                        "F1_micro": 0.3291536050156739,
                        "P_macro_doc": 0.3188259109311741,
                        "R_macro_doc": 0.34017278617710583,
                        "F1_macro_doc": 0.3291536050156739,
                        "P_macro_doc_std": 0.0,
                        "R_macro_doc_std": 0.0,
                        "F1_macro_doc_std": 0.0
                    },
                    "strict": {
                        "correct": 106,
                        "incorrect": 98,
                        "partial": 0,
                        "missed": 259,
                        "spurious": 290,
                        "possible": 463,
                        "actual": 494,
                        "TP": 106,
                        "FP": 388,
                        "FN": 357,
                        "P_micro": 0.2145748987854251,
                        "R_micro": 0.22894168466522677,
                        "F1_micro": 0.22152560083594566,
                        "P_macro_doc": 0.2145748987854251,
                        "R_macro_doc": 0.22894168466522677,
                        "F1_macro_doc": 0.22152560083594566,
                        "P_macro_doc_std": 0.0,
                        "R_macro_doc_std": 0.0,
                        "F1_macro_doc_std": 0.0
                    },
                    "ent_type": {
                        "correct": 196,
                        "incorrect": 8,
                        "partial": 0,
                        "missed": 259,
                        "spurious": 290,
                        "possible": 463,
                        "actual": 494,
                        "TP": 196,
                        "FP": 298,
                        "FN": 267,
                        "P_micro": 0.3967611336032389,
                        "R_micro": 0.42332613390928725,
                        "F1_micro": 0.4096133751306165,
                        "P_macro_doc": 0.3967611336032389,
                        "R_macro_doc": 0.42332613390928725,
                        "F1_macro_doc": 0.4096133751306165,
                        "P_macro_doc_std": 0.0,
                        "R_macro_doc_std": 0.0,
                        "F1_macro_doc_std": 0.0
                    },
                    "exact": {
                        "correct": 111,
                        "incorrect": 93,
                        "partial": 0,
                        "missed": 259,
                        "spurious": 290,
                        "possible": 463,
                        "actual": 494,
                        "TP": 111,
                        "FP": 383,
                        "FN": 352,
                        "P_micro": 0.22469635627530365,
                        "R_micro": 0.23974082073434125,
                        "F1_micro": 0.23197492163009403,
                        "P_macro_doc": 0.22469635627530365,
                        "R_macro_doc": 0.23974082073434125,
                        "F1_macro_doc": 0.23197492163009403,
                        "P_macro_doc_std": 0.0,
                        "R_macro_doc_std": 0.0,
                        "F1_macro_doc_std": 0.0
                    }
                },
                "ORG": {
                    "partial": {
                        "correct": 56,
                        "incorrect": 0,
                        "partial": 56,
                        "missed": 105,
                        "spurious": 106,
                        "possible": 217,
                        "actual": 218,
                        "TP": 56,
                        "FP": 162,
                        "FN": 161,
                        "P_micro": 0.3853211009174312,
                        "R_micro": 0.3870967741935484,
                        "F1_micro": 0.38620689655172413,
                        "P_macro_doc": 0.3853211009174312,
                        "R_macro_doc": 0.3870967741935484,
                        "F1_macro_doc": 0.38620689655172413,
                        "P_macro_doc_std": 0.0,
                        "R_macro_doc_std": 0.0,
                        "F1_macro_doc_std": 0.0
                    },
                    "strict": {
                        "correct": 33,
                        "incorrect": 79,
                        "partial": 0,
                        "missed": 105,
                        "spurious": 106,
                        "possible": 217,
                        "actual": 218,
                        "TP": 33,
                        "FP": 185,
                        "FN": 184,
                        "P_micro": 0.15137614678899083,
                        "R_micro": 0.15207373271889402,
                        "F1_micro": 0.1517241379310345,
                        "P_macro_doc": 0.15137614678899083,
                        "R_macro_doc": 0.15207373271889402,
                        "F1_macro_doc": 0.1517241379310345,
                        "P_macro_doc_std": 0.0,
                        "R_macro_doc_std": 0.0,
                        "F1_macro_doc_std": 0.0
                    },
                    "ent_type": {
                        "correct": 62,
                        "incorrect": 50,
                        "partial": 0,
                        "missed": 105,
                        "spurious": 106,
                        "possible": 217,
                        "actual": 218,
                        "TP": 62,
                        "FP": 156,
                        "FN": 155,
                        "P_micro": 0.28440366972477066,
                        "R_micro": 0.2857142857142857,
                        "F1_micro": 0.2850574712643678,
                        "P_macro_doc": 0.28440366972477066,
                        "R_macro_doc": 0.2857142857142857,
                        "F1_macro_doc": 0.2850574712643678,
                        "P_macro_doc_std": 0.0,
                        "R_macro_doc_std": 0.0,
                        "F1_macro_doc_std": 0.0
                    },
                    "exact": {
                        "correct": 56,
                        "incorrect": 56,
                        "partial": 0,
                        "missed": 105,
                        "spurious": 106,
                        "possible": 217,
                        "actual": 218,
                        "TP": 56,
                        "FP": 162,
                        "FN": 161,
                        "P_micro": 0.25688073394495414,
                        "R_micro": 0.25806451612903225,
                        "F1_micro": 0.25747126436781614,
                        "P_macro_doc": 0.25688073394495414,
                        "R_macro_doc": 0.25806451612903225,
                        "F1_macro_doc": 0.25747126436781614,
                        "P_macro_doc_std": 0.0,
                        "R_macro_doc_std": 0.0,
                        "F1_macro_doc_std": 0.0
                    }
                },
                "LOC": {
                    "partial": {
                        "correct": 150,
                        "incorrect": 0,
                        "partial": 79,
                        "missed": 368,
                        "spurious": 631,
                        "possible": 597,
                        "actual": 860,
                        "TP": 150,