{
    "NE-COARSE-LIT": {
        "TIME-ALL": {
            "LED-ALL": {
                "PER": {
                    "partial": {
                        "correct": 99,
                        "incorrect": 0,
                        "partial": 91,
                        "missed": 273,
                        "spurious": 114,
                        "possible": 463,
                        "actual": 304,
                        "TP": 99,
                        "FP": 205,
                        "FN": 364,
                        "P_micro": 0.4753289473684211,
                        "R_micro": 0.3120950323974082,
                        "F1_micro": 0.3767926988265971,
                        "P_macro_doc": 0.4753289473684211,
                        "R_macro_doc": 0.3120950323974082,
                        "F1_macro_doc": 0.3767926988265971,
                        "P_macro_doc_std": 0.0,
                        "R_macro_doc_std": 0.0,
                        "F1_macro_doc_std": 0.0
                    },
                    "strict": {
                        "correct": 87,
                        "incorrect": 103,
                        "partial": 0,
                        "missed": 273,
                        "spurious": 114,
                        "possible": 463,
                        "actual": 304,
                        "TP": 87,
                        "FP": 217,
                        "FN": 376,
                        "P_micro": 0.28618421052631576,
                        "R_micro": 0.1879049676025918,
                        "F1_micro": 0.22685788787483702,
                        "P_macro_doc": 0.28618421052631576,
                        "R_macro_doc": 0.1879049676025918,
                        "F1_macro_doc": 0.22685788787483702,
                        "P_macro_doc_std": 0.0,
                        "R_macro_doc_std": 0.0,
                        "F1_macro_doc_std": 0.0
                    },
                    "ent_type": {
                        "correct": 166,
                        "incorrect": 24,
                        "partial": 0,
                        "missed": 273,
                        "spurious": 114,
                        "possible": 463,
                        "actual": 304,
                        "TP": 166,
                        "FP": 138,
                        "FN": 297,
                        "P_micro": 0.5460526315789473,
                        "R_micro": 0.35853131749460043,
                        "F1_micro": 0.4328552803129074,
                        "P_macro_doc": 0.5460526315789473,
                        "R_macro_doc": 0.35853131749460043,
                        "F1_macro_doc": 0.4328552803129074,
                        "P_macro_doc_std": 0.0,
                        "R_macro_doc_std": 0.0,
                        "F1_macro_doc_std": 0.0
                    },
                    "exact": {
                        "correct": 99,
                        "incorrect": 91,
                        "partial": 0,
                        "missed": 273,
                        "spurious": 114,
                        "possible": 463,
                        "actual": 304,
                        "TP": 99,
                        "FP": 205,
                        "FN": 364,
                        "P_micro": 0.3256578947368421,
                        "R_micro": 0.21382289416846653,
                        "F1_micro": 0.258148631029987,
                        "P_macro_doc": 0.3256578947368421,
                        "R_macro_doc": 0.21382289416846653,
                        "F1_macro_doc": 0.258148631029987,
                        "P_macro_doc_std": 0.0,
                        "R_macro_doc_std": 0.0,
                        "F1_macro_doc_std": 0.0
                    }
                },
                "ORG": {
                    "partial": {
                        "correct": 55,
                        "incorrect": 0,
                        "partial": 39,
                        "missed": 123,
                        "spurious": 267,
                        "possible": 217,
                        "actual": 361,
                        "TP": 55,
                        "FP": 306,
                        "FN": 162,
                        "P_micro": 0.20637119113573407,
                        "R_micro": 0.3433179723502304,
                        "F1_micro": 0.25778546712802763,
                        "P_macro_doc": 0.20637119113573407,
                        "R_macro_doc": 0.3433179723502304,
                        "F1_macro_doc": 0.25778546712802763,
                        "P_macro_doc_std": 0.0,
                        "R_macro_doc_std": 0.0,
                        "F1_macro_doc_std": 0.0
                    },
                    "strict": {
                        "correct": 49,
                        "incorrect": 45,
                        "partial": 0,
                        "missed": 123,
                        "spurious": 267,
                        "possible": 217,
                        "actual": 361,
                        "TP": 49,
                        "FP": 312,
                        "FN": 168,
                        "P_micro": 0.13573407202216067,
                        "R_micro": 0.22580645161290322,
                        "F1_micro": 0.1695501730103806,
                        "P_macro_doc": 0.13573407202216067,
                        "R_macro_doc": 0.22580645161290322,
                        "F1_macro_doc": 0.1695501730103806,
                        "P_macro_doc_std": 0.0,
                        "R_macro_doc_std": 0.0,
                        "F1_macro_doc_std": 0.0
                    },
                    "ent_type": {
                        "correct": 81,
                        "incorrect": 13,
                        "partial": 0,
                        "missed": 123,
                        "spurious": 267,
                        "possible": 217,
                        "actual": 361,
                        "TP": 81,
                        "FP": 280,
                        "FN": 136,
                        "P_micro": 0.22437673130193905,
                        "R_micro": 0.37327188940092165,
                        "F1_micro": 0.2802768166089965,
                        "P_macro_doc": 0.22437673130193905,
                        "R_macro_doc": 0.37327188940092165,
                        "F1_macro_doc": 0.2802768166089965,
                        "P_macro_doc_std": 0.0,
                        "R_macro_doc_std": 0.0,
                        "F1_macro_doc_std": 0.0
                    },
                    "exact": {
                        "correct": 55,
                        "incorrect": 39,
                        "partial": 0,
                        "missed": 123,
                        "spurious": 267,
                        "possible": 217,
                        "actual": 361,
                        "TP": 55,
                        "FP": 306,
                        "FN": 162,
                        "P_micro": 0.1523545706371191,
                        "R_micro": 0.2534562211981567,
                        "F1_micro": 0.19031141868512108,
                        "P_macro_doc": 0.1523545706371191,
                        "R_macro_doc": 0.2534562211981567,
                        "F1_macro_doc": 0.19031141868512108,
                        "P_macro_doc_std": 0.0,
                        "R_macro_doc_std": 0.0,
                        "F1_macro_doc_std": 0.0
                    }
                },
                "LOC": {
                    "partial": {
                        "correct": 110,
                        "incorrect": 0,
                        "partial": 59,
                        "missed": 428,
                        "spurious": 148,
                        "possible": 597,
                        "actual": 317,
                        "TP": 110,
                        "FP": 207,