{
    "NE-COARSE-LIT": {
        "TIME-ALL": {
            "LED-ALL": {
                "PER": {
                    "partial": {
                        "correct": 58,
                        "incorrect": 0,
                        "partial": 72,
                        "missed": 333,
                        "spurious": 136,
                        "possible": 463,
                        "actual": 266,
                        "TP": 58,
                        "FP": 208,
                        "FN": 405,
                        "P_micro": 0.3533834586466165,
                        "R_micro": 0.20302375809935205,
                        "F1_micro": 0.25788751714677643,
                        "P_macro_doc": 0.3533834586466165,
                        "R_macro_doc": 0.20302375809935205,
                        "F1_macro_doc": 0.25788751714677643,
                        "P_macro_doc_std": 0.0,
                        "R_macro_doc_std": 0.0,
                        "F1_macro_doc_std": 0.0
                    },
                    "strict": {
                        "correct": 53,
                        "incorrect": 77,
                        "partial": 0,
                        "missed": 333,
                        "spurious": 136,
                        "possible": 463,
                        "actual": 266,
                        "TP": 53,
                        "FP": 213,
                        "FN": 410,
                        "P_micro": 0.19924812030075187,
                        "R_micro": 0.11447084233261338,
                        "F1_micro": 0.14540466392318244,
                        "P_macro_doc": 0.19924812030075187,
                        "R_macro_doc": 0.11447084233261338,
                        "F1_macro_doc": 0.14540466392318244,
                        "P_macro_doc_std": 0.0,
                        "R_macro_doc_std": 0.0,
                        "F1_macro_doc_std": 0.0
                    },
                    "ent_type": {
                        "correct": 121,
                        "incorrect": 9,
                        "partial": 0,
                        "missed": 333,
                        "spurious": 136,
                        "possible": 463,
                        "actual": 266,
                        "TP": 121,
                        "FP": 145,
                        "FN": 342,
                        "P_micro": 0.4548872180451128,
                        "R_micro": 0.2613390928725702,
                        "F1_micro": 0.33196159122085045,
                        "P_macro_doc": 0.4548872180451128,
                        "R_macro_doc": 0.2613390928725702,
                        "F1_macro_doc": 0.33196159122085045,
                        "P_macro_doc_std": 0.0,
                        "R_macro_doc_std": 0.0,
                        "F1_macro_doc_std": 0.0
                    },
                    "exact": {
                        "correct": 58,
                        "incorrect": 72,
                        "partial": 0,
                        "missed": 333,
                        "spurious": 136,
                        "possible": 463,
                        "actual": 266,
                        "TP": 58,
                        "FP": 208,
                        "FN": 405,
                        "P_micro": 0.21804511278195488,
                        "R_micro": 0.12526997840172785,
                        "F1_micro": 0.15912208504801095,
                        "P_macro_doc": 0.21804511278195488,
                        "R_macro_doc": 0.12526997840172785,
                        "F1_macro_doc": 0.15912208504801095,
                        "P_macro_doc_std": 0.0,
                        "R_macro_doc_std": 0.0,
                        "F1_macro_doc_std": 0.0
                    }
                },
                "ORG": {
                    "partial": {
                        "correct": 34,
                        "incorrect": 0,
                        "partial": 33,
                        "missed": 150,
                        "spurious": 116,
                        "possible": 217,
                        "actual": 183,
                        "TP": 34,
                        "FP": 149,
                        "FN": 183,
                        "P_micro": 0.27595628415300544,
                        "R_micro": 0.23271889400921658,
                        "F1_micro": 0.25249999999999995,
                        "P_macro_doc": 0.27595628415300544,
                        "R_macro_doc": 0.23271889400921658,
                        "F1_macro_doc": 0.25249999999999995,
                        "P_macro_doc_std": 0.0,
                        "R_macro_doc_std": 0.0,
                        "F1_macro_doc_std": 0.0
                    },
                    "strict": {
                        "correct": 28,
                        "incorrect": 39,
                        "partial": 0,
                        "missed": 150,
                        "spurious": 116,
                        "possible": 217,
                        "actual": 183,
                        "TP": 28,
                        "FP": 155,
                        "FN": 189,
                        "P_micro": 0.15300546448087432,
                        "R_micro": 0.12903225806451613,
                        "F1_micro": 0.14,
                        "P_macro_doc": 0.15300546448087432,
                        "R_macro_doc": 0.12903225806451613,
                        "F1_macro_doc": 0.14,
                        "P_macro_doc_std": 0.0,
                        "R_macro_doc_std": 0.0,
                        "F1_macro_doc_std": 0.0
                    },
                    "ent_type": {
                        "correct": 51,
                        "incorrect": 16,
                        "partial": 0,
                        "missed": 150,
                        "spurious": 116,
                        "possible": 217,
                        "actual": 183,
                        "TP": 51,
                        "FP": 132,
                        "FN": 166,
                        "P_micro": 0.2786885245901639,
                        "R_micro": 0.2350230414746544,
                        "F1_micro": 0.255,
                        "P_macro_doc": 0.2786885245901639,
                        "R_macro_doc": 0.2350230414746544,
                        "F1_macro_doc": 0.255,
                        "P_macro_doc_std": 0.0,
                        "R_macro_doc_std": 0.0,
                        "F1_macro_doc_std": 0.0
                    },
                    "exact": {
                        "correct": 34,
                        "incorrect": 33,
                        "partial": 0,
                        "missed": 150,
                        "spurious": 116,
                        "possible": 217,
                        "actual": 183,
                        "TP": 34,
                        "FP": 149,
                        "FN": 183,
                        "P_micro": 0.18579234972677597,
                        "R_micro": 0.15668202764976957,
                        "F1_micro": 0.17,
                        "P_macro_doc": 0.18579234972677597,
                        "R_macro_doc": 0.15668202764976957,
                        "F1_macro_doc": 0.17,
                        "P_macro_doc_std": 0.0,
                        "R_macro_doc_std": 0.0,
                        "F1_macro_doc_std": 0.0
                    }
                },
                "LOC": {
                    "partial": {
                        "correct": 121,
                        "incorrect": 0,
                        "partial": 62,
                        "missed": 414,
                        "spurious": 131,
                        "possible": 597,
                        "actual": 314,
                        "TP": 121,
                        "FP": 193,
                        "FN": 476,